{"meta": {"format": 3, "version": "7.10.2", "timestamp": "2025-12-01T17:35:20.158040", "branch_coverage": false, "show_contexts": false}, "files": {"apps/products/models.py": {"executed_lines": [1, 6, 8, 9, 10, 11, 12, 14, 15, 16, 17, 19, 21, 25, 26, 30, 31, 32, 44, 47, 48, 49, 51, 54, 56, 57, 58, 59, 61, 64, 66, 78, 80, 84, 85, 90, 100, 110, 118, 122, 123, 124, 125, 127, 131, 132, 136, 137, 138, 149, 150, 154, 155, 158, 159, 162, 175, 178, 180, 181, 182, 183, 184, 186, 187, 199, 201, 204, 205, 213, 214, 218, 219, 220, 229, 238, 239, 242, 249, 260, 261, 264, 265, 268, 277, 286, 295, 304, 313, 325, 328, 331, 332, 333, 334, 335, 337, 349, 360, 371, 381, 385, 387, 388, 389, 390, 391, 392, 406, 407, 432, 434, 438, 439, 443, 452, 453, 457, 460, 461, 463, 466, 468, 469, 470, 471, 472, 473, 478, 482, 491, 492, 496, 497, 498, 499, 500, 501, 503, 504, 505, 506, 507, 509, 518, 527, 530, 534, 543, 544, 556, 557, 558, 559, 560, 561, 566, 576, 583, 584, 588, 597, 605, 629, 638, 639, 643, 644, 645, 646, 647, 649, 653, 654, 658, 667, 675, 685, 686, 687, 688, 689, 691, 695, 696, 702, 713, 723, 735, 745, 757, 767, 779, 791, 803, 815, 829, 838, 848, 858, 869, 878, 887, 891, 896, 897, 898, 899, 900, 901, 915, 917, 919, 925, 926, 929, 931, 932, 937, 938, 940, 942, 943, 945, 947, 948, 953, 954, 955, 956, 957, 959, 961, 963, 964, 966, 975], "summary": {"covered_lines": 225, "num_statements": 270, "percent_covered": 83.33333333333333, "percent_covered_display": "83", "missing_lines": 45, "excluded_lines": 9}, "missing_lines": [67, 69, 70, 71, 73, 76, 77, 81, 128, 188, 190, 191, 192, 194, 197, 198, 202, 207, 208, 209, 210, 408, 410, 411, 412, 414, 417, 418, 421, 422, 423, 425, 426, 428, 429, 430, 435, 479, 480, 484, 485, 488, 577, 650, 692], "excluded_lines": [21, 22, 566, 568, 569, 570, 572, 573, 574], "functions": {"Brand.save": {"executed_lines": [64, 66, 78], "summary": {"covered_lines": 3, "num_statements": 10, "percent_covered": 30.0, "percent_covered_display": "30", "missing_lines": 7, "excluded_lines": 0}, "missing_lines": [67, 69, 70, 71, 73, 76, 77], "excluded_lines": []}, "Brand.__str__": {"executed_lines": [], "summary": {"covered_lines": 0, "num_statements": 1, "percent_covered": 0.0, "percent_covered_display": "0", "missing_lines": 1, "excluded_lines": 0}, "missing_lines": [81], "excluded_lines": []}, "Brand1CMapping.__str__": {"executed_lines": [], "summary": {"covered_lines": 0, "num_statements": 1, "percent_covered": 0.0, "percent_covered_display": "0", "missing_lines": 1, "excluded_lines": 0}, "missing_lines": [128], "excluded_lines": []}, "Category.save": {"executed_lines": [187, 199], "summary": {"covered_lines": 2, "num_statements": 9, "percent_covered": 22.22222222222222, "percent_covered_display": "22", "missing_lines": 7, "excluded_lines": 0}, "missing_lines": [188, 190, 191, 192, 194, 197, 198], "excluded_lines": []}, "Category.__str__": {"executed_lines": [], "summary": {"covered_lines": 0, "num_statements": 1, "percent_covered": 0.0, "percent_covered_display": "0", "missing_lines": 1, "excluded_lines": 0}, "missing_lines": [202], "excluded_lines": []}, "Category.full_name": {"executed_lines": [], "summary": {"covered_lines": 0, "num_statements": 4, "percent_covered": 0.0, "percent_covered_display": "0", "missing_lines": 4, "excluded_lines": 0}, "missing_lines": [207, 208, 209, 210], "excluded_lines": []}, "Product.save": {"executed_lines": [407, 432], "summary": {"covered_lines": 2, "num_statements": 17, "percent_covered": 11.764705882352942, "percent_covered_display": "12", "missing_lines": 15, "excluded_lines": 0}, "missing_lines": [408, 410, 411, 412, 414, 417, 418, 421, 422, 423, 425, 426, 428, 429, 430], "excluded_lines": []}, "Product.__str__": {"executed_lines": [], "summary": {"covered_lines": 0, "num_statements": 1, "percent_covered": 0.0, "percent_covered_display": "0", "missing_lines": 1, "excluded_lines": 0}, "missing_lines": [435], "excluded_lines": []}, "ProductImage.__str__": {"executed_lines": [], "summary": {"covered_lines": 0, "num_statements": 2, "percent_covered": 0.0, "percent_covered_display": "0", "missing_lines": 2, "excluded_lines": 0}, "missing_lines": [479, 480], "excluded_lines": []}, "ProductImage.save": {"executed_lines": [], "summary": {"covered_lines": 0, "num_statements": 3, "percent_covered": 0.0, "percent_covered_display": "0", "missing_lines": 3, "excluded_lines": 0}, "missing_lines": [484, 485, 488], "excluded_lines": []}, "ImportSession.get_import_type_display": {"executed_lines": [], "summary": {"covered_lines": 0, "num_statements": 0, "percent_covered": 100.0, "percent_covered_display": "100", "missing_lines": 0, "excluded_lines": 2}, "missing_lines": [], "excluded_lines": [569, 570]}, "ImportSession.get_status_display": {"executed_lines": [], "summary": {"covered_lines": 0, "num_statements": 0, "percent_covered": 100.0, "percent_covered_display": "100", "missing_lines": 0, "excluded_lines": 2}, "missing_lines": [], "excluded_lines": [573, 574]}, "ImportSession.__str__": {"executed_lines": [], "summary": {"covered_lines": 0, "num_statements": 1, "percent_covered": 0.0, "percent_covered_display": "0", "missing_lines": 1, "excluded_lines": 0}, "missing_lines": [577], "excluded_lines": []}, "PriceType.__str__": {"executed_lines": [], "summary": {"covered_lines": 0, "num_statements": 1, "percent_covered": 0.0, "percent_covered_display": "0", "missing_lines": 1, "excluded_lines": 0}, "missing_lines": [650], "excluded_lines": []}, "ColorMapping.__str__": {"executed_lines": [], "summary": {"covered_lines": 0, "num_statements": 1, "percent_covered": 0.0, "percent_covered_display": "0", "missing_lines": 1, "excluded_lines": 0}, "missing_lines": [692], "excluded_lines": []}, "ProductVariant.__str__": {"executed_lines": [917], "summary": {"covered_lines": 1, "num_statements": 1, "percent_covered": 100.0, "percent_covered_display": "100", "missing_lines": 0, "excluded_lines": 0}, "missing_lines": [], "excluded_lines": []}, "ProductVariant.clean": {"executed_lines": [925, 926, 929, 931, 932], "summary": {"covered_lines": 5, "num_statements": 5, "percent_covered": 100.0, "percent_covered_display": "100", "missing_lines": 0, "excluded_lines": 0}, "missing_lines": [], "excluded_lines": []}, "ProductVariant.is_in_stock": {"executed_lines": [940], "summary": {"covered_lines": 1, "num_statements": 1, "percent_covered": 100.0, "percent_covered_display": "100", "missing_lines": 0, "excluded_lines": 0}, "missing_lines": [], "excluded_lines": []}, "ProductVariant.available_quantity": {"executed_lines": [945], "summary": {"covered_lines": 1, "num_statements": 1, "percent_covered": 100.0, "percent_covered_display": "100", "missing_lines": 0, "excluded_lines": 0}, "missing_lines": [], "excluded_lines": []}, "ProductVariant.effective_images": {"executed_lines": [953, 954, 955, 956, 957, 959], "summary": {"covered_lines": 6, "num_statements": 6, "percent_covered": 100.0, "percent_covered_display": "100", "missing_lines": 0, "excluded_lines": 0}, "missing_lines": [], "excluded_lines": []}, "ProductVariant.get_price_for_user": {"executed_lines": [963, 964, 966, 975], "summary": {"covered_lines": 4, "num_statements": 4, "percent_covered": 100.0, "percent_covered_display": "100", "missing_lines": 0, "excluded_lines": 0}, "missing_lines": [], "excluded_lines": []},